/*
EMPRESA        :  COMUNIDAD CRISTIANA AGUA VIVA
SOFTWARE       :  SISTEMA DE CONTROL DE AsistenciaS
DBMS           :  ORACLE XE
BASE DE DATOS  :  NDR
SCRIPT         :  CREA LA BASE DE DATOS
RESPONSABLE    :  ERICK ORE
EMAIL          :  ERICK989@GMAIL.COM
*/


-- =============================================
-- CARGAR DATOS DE PRUEBA
-- =============================================

-- TABLA: Sede

INSERT INTO Sede VALUES ( '01', 'RISSO', 'LIMA' );
INSERT INTO Sede VALUES ( '02', 'AMAUTA', 'LIMA' );

-- TABLA: Escuela

INSERT INTO Escuela VALUES ( 'A1C', 'CABRERA' );
INSERT INTO Escuela VALUES ( 'A17', 'LEGUIA' );

-- TABLA: Aula

INSERT INTO Aula VALUES ( '01', '9-11 AM' , '01' , '4 A 6 AÑOS' );
INSERT INTO Aula VALUES ( '02', '9-11 AM' , '01' , '7 A 9 AÑOS' );
INSERT INTO Aula VALUES ( '03', '9-11 AM' , '01' , '10 A 12 AÑOS' );

-- TABLA: Maestro

INSERT INTO Maestro VALUES ( '21234561', 'ORE', 'BUSTAMANTE', 'ERICK', 'JESUS MARIA', '4896768', 'INGENIERO', 'EORE', 'ORACLE', 'NINGUNO', 'A1C');
INSERT INTO Maestro VALUES ( '21234562', 'MENDOZA', 'DAVILA', 'DIANA', 'JESUS MARIA', '4896768', 'MAESTRA', 'DMENDOZA', 'ORACLE', 'NINGUNO', 'A1C');
INSERT INTO Maestro VALUES ( '21234563', 'MARQUEZ', 'DAVILA', 'MERCEDES', 'SAN BORJA', '4567898', 'MEDICO', 'MMARQUEZ', 'ORACLE', 'NINGUNO', 'A17');

-- TABLA: Apoderado

INSERT INTO Apoderado VALUES ( '01234561', 'PEREZ', 'HINOJOSA', 'PEDRO', '123456', 'SAN BORJA', 'TODOS LOS DOMINGOS', 'A1C');
INSERT INTO Apoderado VALUES ( '01234562', 'MENDOZA', 'VILCHEZ', 'JOANNA', '123456', 'JESUS MARIA', '2 VECES AL MES', 'A1C');
INSERT INTO Apoderado VALUES ( '01234563', 'RAMOS', 'RAMOS', 'JUAN', '123456', 'SAN LUIS', '1 VEZ AL MES', 'A17');

-- TABLA: Estudiante

INSERT INTO Estudiante VALUES ( '12345670', 'PEREZ', 'ARANIBAR', 'JUAN', '20100101', 'JESUS MARIA', '4567897', 'ALERGIAS: MANI', 'SI', '01234561');
INSERT INTO Estudiante VALUES ( '12345671', 'MORENO', 'MENDOZA', 'CARLOS', '20100203', 'LA MOLINA', '4659878', 'NINGUNO', 'SI', '01234562');
INSERT INTO Estudiante VALUES ( '12345672', 'RAMOS', 'BUSTAMANTE', 'FRANCISCO', '20080101', 'SAN BORJA', '5468971', 'NINGUNO', 'NO', '01234563');

-- TABLA: Curso

INSERT INTO Curso VALUES ( '01', '01', '21234561', '21234561', '21234561', '21234561', '2016-0');
INSERT INTO Curso VALUES ( '02', '02', '21234562', '21234562', '21234562', '21234562', '2016-1');
INSERT INTO Curso VALUES ( '03', '01', '21234563', '21234563', '21234563', '21234563', '2016-1');

-- Asistencia

INSERT INTO Asistencia VALUES ( '01', '12345670', '20160314' );
INSERT INTO Asistencia VALUES ( '01', '12345671', '20160314' );
INSERT INTO Asistencia VALUES ( '01', '12345670', '20160228' );
INSERT INTO Asistencia VALUES ( '02', '12345672', '20160307' );

--  TABLA: Contador

INSERT INTO Contador VALUES( 'Aula', 3, 2 );
INSERT INTO Contador VALUES( 'Sede', 2, 2 );
INSERT INTO Contador VALUES( 'Maestro', 2, 8 );
INSERT INTO Contador VALUES( 'Escuela', 3, 5 );
INSERT INTO Contador VALUES( 'Apoderado', 3, 8 );
INSERT INTO Contador VALUES( 'Estudiante', 3, 8 );
INSERT INTO Contador VALUES( 'Curso', 3, 2 );
INSERT INTO Contador VALUES( 'Asistencia', 4, 2 );
